<?xml version="1.0" encoding="UTF-8"?>
<project-private xmlns="http://www.netbeans.org/ns/project-private/1">
    <editor-bookmarks xmlns="http://www.netbeans.org/ns/editor-bookmarks/2" lastBookmarkId="0"/>
    <open-files xmlns="http://www.netbeans.org/ns/projectui-open-files/2">
        <group>
            <file>file:/C:/Users/Crysthel%20Jade/OneDrive/Documents/NetBeansProjects/Inventory%20Management%20System/src/Register.java</file>
            <file>file:/C:/Users/Crysthel%20Jade/OneDrive/Documents/NetBeansProjects/Inventory%20Management%20System/src/Login.java</file>
            <file>file:/C:/Users/Crysthel%20Jade/OneDrive/Documents/NetBeansProjects/Inventory%20Management%20System/src/Home.java</file>
            <file>file:/C:/Users/Crysthel%20Jade/OneDrive/Documents/NetBeansProjects/Inventory%20Management%20System/src/ManageCategory.java</file>
            <file>file:/C:/Users/Crysthel%20Jade/OneDrive/Documents/NetBeansProjects/Inventory%20Management%20System/src/ManageCustomer.java</file>
            <file>file:/C:/Users/Crysthel%20Jade/OneDrive/Documents/NetBeansProjects/Inventory%20Management%20System/src/ManageProduct.java</file>
            <file>file:/C:/Users/Crysthel%20Jade/OneDrive/Documents/NetBeansProjects/Inventory%20Management%20System/src/ManageUser.java</file>
            <file>file:/C:/Users/Crysthel%20Jade/OneDrive/Documents/NetBeansProjects/Inventory%20Management%20System/src/ManageOrder.java</file>
            <file>file:/C:/Users/Crysthel%20Jade/OneDrive/Documents/NetBeansProjects/Inventory%20Management%20System/src/ThankYou.java</file>
            <file>file:/C:/Users/Crysthel%20Jade/OneDrive/Documents/NetBeansProjects/Inventory%20Management%20System/src/CancelledOrder.java</file>
            <file>file:/C:/Users/Crysthel%20Jade/OneDrive/Documents/NetBeansProjects/Inventory%20Management%20System/src/dao/tables.java</file>
            <file>file:/C:/Users/Crysthel%20Jade/OneDrive/Documents/NetBeansProjects/Inventory%20Management%20System/src/dao/ConnectionProvider.java</file>
        </group>
    </open-files>
</project-private>
